<?xml version="1.0" encoding="UTF-8"?>
<project-private xmlns="http://www.netbeans.org/ns/project-private/1">
    <editor-bookmarks xmlns="http://www.netbeans.org/ns/editor-bookmarks/2" lastBookmarkId="0"/>
    <open-files xmlns="http://www.netbeans.org/ns/projectui-open-files/2">
        <group>
            <file>file:/D:/ALONSOENRIQUE/Patron-Builder/src/patron/director/Cocina.java</file>
            <file>file:/D:/ALONSOENRIQUE/Patron-Builder/src/patron/PIZZA_FACTORY.java</file>
            <file>file:/D:/ALONSOENRIQUE/Patron-Builder/src/patron/PatronBuilder.java</file>
        </group>
    </open-files>
</project-private>
