<?xml version="1.0" encoding="UTF-8"?>
<project-private xmlns="http://www.netbeans.org/ns/project-private/1">
    <editor-bookmarks xmlns="http://www.netbeans.org/ns/editor-bookmarks/2" lastBookmarkId="0"/>
    <open-files xmlns="http://www.netbeans.org/ns/projectui-open-files/2">
        <group>
            <file>file:/D:/ALONSOENRIQUE/PATRON_ADAPTER/src/patron_adapter/PATRON_ADAPTER.java</file>
            <file>file:/D:/ALONSOENRIQUE/PATRON_ADAPTER/src/patron_adapter/LamparaInglesa.java</file>
            <file>file:/D:/ALONSOENRIQUE/PATRON_ADAPTER/src/patron_adapter/Lampara.java</file>
            <file>file:/D:/ALONSOENRIQUE/PATRON_ADAPTER/src/patron_adapter/Conectable.java</file>
            <file>file:/D:/ALONSOENRIQUE/PATRON_ADAPTER/src/patron_adapter/Ordenador.java</file>
            <file>file:/D:/ALONSOENRIQUE/PATRON_ADAPTER/src/patron_adapter/AdaptadorLampara.java</file>
        </group>
    </open-files>
</project-private>
